id,type,name,aliases,region,state,city,lat,lon,facets,what,root,kin,sources,tier,confidence,needs_verification,updated,url
chardonnay,variety,Chardonnay,,burgundy|world,,,,,"{""colour"": ""white"", ""country"": ""France""}","Pinot's child by Gouais blanc, and the white grape sharing almost every hill in this directory. Where pinot goes, it follows — Burgundy, Champagne, the Willamette, Bien Nacido, Central Otago.",,pinot-noir|cote-de-beaune,s:wp-chardonnay|s:wp-pinot-noir,cited,high,False,2026-09-16,https://nanobotco.github.io/pinot-noir/variety/chardonnay/
fruhburgunder,variety,Frühburgunder,Pinot noir précoce|Early Burgundy|Blauer Frühburgunder,ahr|germany,,,,,"{""colour"": ""black"", ""country"": ""Germany""}",An early-ripening pinot that comes in two to three weeks ahead of the rest. Germany kept it alive in the Ahr and on the Nahe when growers elsewhere pulled it out for cropping too lightly.,German früh (early) + Burgunder (Burgundian),pinot-noir|ahr,s:wp-fr-hburgunder|s:wp-pinot-noir,cited,medium,False,2026-09-16,https://nanobotco.github.io/pinot-noir/variety/fruhburgunder/
gamay,variety,Gamay,Gamay noir à jus blanc,burgundy,,,,,"{""colour"": ""black"", ""country"": ""France""}","Pinot's other well-known child, banished from the Côte d'Or by ducal edict and sent south to granite, where it built Beaujolais.",,pinot-noir|burgundy,s:wp-gamay|s:wp-pinot-noir,tradition,medium,True,2026-09-16,https://nanobotco.github.io/pinot-noir/variety/gamay/
pinot-blanc,variety,Pinot blanc,Weissburgunder|Pinot bianco|Klevner,alsace,,,,,"{""colour"": ""white"", ""country"": ""France""}","The white end of the family. A further mutation that can come from pinot gris or pinot noir and can go back the other way, which is why nurserymen watch their mother vines.",,pinot-noir|pinot-gris,s:wp-pinot-blanc|s:wp-pinot-noir,cited,medium,False,2026-09-16,https://nanobotco.github.io/pinot-noir/variety/pinot-blanc/
pinot-gris,variety,Pinot gris,Pinot Grigio|Grauburgunder|Ruländer,alsace,,,,,"{""colour"": ""grey"", ""country"": ""France""}","A colour sport of pinot: the berry loses most of its pigment and lands somewhere between grey, pink and bronze. Same vine, same bunch, different skin.",,pinot-noir|pinot-blanc|alsace,s:wp-pinot-gris|s:wp-pinot-noir,cited,high,False,2026-09-16,https://nanobotco.github.io/pinot-noir/variety/pinot-gris/
pinot-meunier,variety,Pinot Meunier,Meunier|Schwarzriesling|Müllerrebe,champagne,,,,,"{""colour"": ""black"", ""country"": ""France""}","Pinot noir with white down on its shoot tips and leaves — meunier means miller, and the vine looks dusted with flour. It buds later, ripens earlier and survives a frosty Champagne spring that kills its parent.","French meunier, miller — from the floury white hairs on the leaves",pinot-noir|champagne|vendange-entiere,s:wp-pinot-meunier|s:wp-pinot-noir,cited,high,False,2026-09-16,https://nanobotco.github.io/pinot-noir/variety/pinot-meunier/
pinot-noir,variety,Pinot noir,Pinot Noir|Spätburgunder|Blauburgunder|Pinot nero|Blauer Burgunder,world,,,,,"{""colour"": ""black"", ""country"": ""France""}","A black grape from north-eastern France that ripens early, carries thin skin over tight pinecone-shaped bunches, and mutates more readily than almost any vine in cultivation. It gives pale wine with low tannin and high acid, and it rewards cold ground, which is why growers chase it toward the poles, the fog and the hills.",French pin (pine) + noir (black) — the bunch is shaped like a pinecone,burgundy|pinot-meunier|pinot-gris|chardonnay|thin-skin|dijon-115,s:wp-pinot-noir|s:wine-grapes-2012|s:oxford-companion-wine-4,cited,high,False,2026-09-16,https://nanobotco.github.io/pinot-noir/variety/pinot-noir/
ahr,region,Ahr,,ahr|germany,,,50.54,7.05,"{""country"": ""Germany"", ""level"": ""region"", ""soil"": ""slate, basalt, greywacke""}","A narrow slate valley south of Bonn, among the smallest German regions and the one that gives more of its ground to spätburgunder than any other.",,pinot-noir|fruhburgunder|baden,s:wp-ahr-wine-region|s:wp-german-wine,cited,medium,False,2026-09-16,https://nanobotco.github.io/pinot-noir/region/ahr/
alsace,region,Alsace,,alsace,,,48.2,7.35,"{""country"": ""France"", ""level"": ""region""}","A dry strip in the rain shadow of the Vosges where nearly everything is white — except pinot noir, the one red grape the appellation allows.",,pinot-noir|pinot-gris|baden,s:wp-alsace-wine,cited,medium,True,2026-09-16,https://nanobotco.github.io/pinot-noir/region/alsace/
alto-adige,region,Alto Adige,Südtirol|South Tyrol,alto-adige,,,46.5,11.35,"{""country"": ""Italy"", ""level"": ""doc""}","German-speaking Italy, on terraces above Bolzano. Blauburgunder here is pinot nero on the label and Blauburgunder in the village, and it climbs as high as the frost allows.",,pinot-noir|baden,s:wp-south-tyrol-wine,cited,medium,False,2026-09-16,https://nanobotco.github.io/pinot-noir/region/alto-adige/
anderson-valley,region,Anderson Valley,,anderson-valley|california,,,39.0,-123.4,"{""country"": ""United States"", ""level"": ""ava"", ""established"": 1983}","Mendocino's fog gap: a narrow valley along the Navarro River, open to the ocean at one end, redwoods at both edges. Sparkling houses came for the acid and stayed for the pinot.",,pinot-noir|russian-river-valley,s:wp-anderson-valley-ava|s:ecfr-27-9,cited,high,False,2026-09-16,https://nanobotco.github.io/pinot-noir/region/anderson-valley/
baden,region,Baden,,baden|germany,,,48.1,7.85,"{""country"": ""Germany"", ""level"": ""region"", ""soil"": ""loess, limestone, volcanic""}","Germany's warmest vineyards, in the Rhine rift between the Black Forest and the Vosges, facing Alsace across the river. Pinot in its three colours covers most of it.",,pinot-noir|alsace|pinot-gris,s:wp-baden-wine-region|s:wp-german-wine,cited,high,False,2026-09-16,https://nanobotco.github.io/pinot-noir/region/baden/
burgundy,region,Burgundy,Bourgogne,burgundy,,,47.05,4.85,"{""country"": ""France"", ""level"": ""region"", ""established"": 1936, ""soil"": ""limestone and marl""}","A strip of limestone running south-west from Dijon where pinot noir and chardonnay have been sorted, fenced and argued over for a thousand years. Everything here is small: the hill is 40 km long and rarely 2 km wide, and it carries 100 appellations stacked in four ranks.",,pinot-noir|cote-de-nuits|cote-de-beaune|climat|hospices-de-beaune|how-pinot-travelled,s:wp-burgundy-wine|s:unesco-1425|s:wp-pinot-noir|s:morris-inside-burgundy,cited,high,False,2026-09-16,https://nanobotco.github.io/pinot-noir/region/burgundy/
casablanca-valley,region,Casablanca Valley,,casablanca|chile,,,-33.32,-71.4,"{""country"": ""Chile"", ""level"": ""doc""}","Between Santiago and the port at Valparaíso, close enough to the Humboldt current for morning fog. Chile planted it in the 1980s to grow something other than cabernet.",,pinot-noir|anderson-valley,s:wp-casablanca-valley|s:wp-chilean-wine,cited,medium,False,2026-09-16,https://nanobotco.github.io/pinot-noir/region/casablanca-valley/
central-otago,region,Central Otago,,central-otago|new-zealand,,,-45.02,169.2,"{""country"": ""New Zealand"", ""level"": ""gi"", ""soil"": ""schist, loess, glacial gravel""}","The southernmost commercial wine region on earth, and the only part of New Zealand with a true continental climate — frost in the spring, forty-degree swings in a day, schist under everything.",,pinot-noir|felton-road|rippon|abel-clone,s:wp-central-otago-wine-region|s:wp-new-zealand-wine,cited,high,False,2026-09-16,https://nanobotco.github.io/pinot-noir/region/central-otago/
champagne,region,Champagne,,champagne,,,49.05,4.0,"{""country"": ""France"", ""level"": ""region"", ""soil"": ""chalk""}","Chalk country 150 km north-east of Paris where pinot noir is pressed off its skins within hours and comes out white. More pinot noir grows here than anywhere else in France, and almost none of it is red.",,pinot-noir|pinot-meunier|saignee,s:wp-champagne-wine-region|s:wp-champagne,cited,high,False,2026-09-16,https://nanobotco.github.io/pinot-noir/region/champagne/
cote-chalonnaise,region,Côte Chalonnaise,,cote-chalonnaise|burgundy,,,46.75,4.72,"{""country"": ""France"", ""level"": ""district""}","The same limestone, ten miles further south, at a third of the price. Bouzeron, Rully, Mercurey, Givry and Montagny — Mercurey and Givry do the red work.",,burgundy|pinot-noir,s:wp-c-te-chalonnaise|s:wp-burgundy-wine,cited,medium,False,2026-09-16,https://nanobotco.github.io/pinot-noir/region/cote-chalonnaise/
cote-de-beaune,region,Côte de Beaune,,cote-de-beaune|burgundy,,,46.98,4.78,"{""country"": ""France"", ""level"": ""district""}","From Ladoix south to Maranges, where the hill turns and chardonnay takes the best of it. Corton is its only red grand cru; the reds that matter most sit in Pommard, Volnay and Beaune at premier cru.",,burgundy|corton|chardonnay|hospices-de-beaune,s:wp-c-te-de-beaune|s:wp-burgundy-wine,cited,high,False,2026-09-16,https://nanobotco.github.io/pinot-noir/region/cote-de-beaune/
cote-de-nuits,region,Côte de Nuits,,cote-de-nuits|burgundy,,,47.17,4.95,"{""country"": ""France"", ""level"": ""district"", ""soil"": ""limestone, marl, scree""}",Fourteen communes between Dijon and Corgoloin holding 24 of Burgundy's 25 red grand cru appellations. Some of them are tiny — La Romanée covers less than a hectare.,,burgundy|romanee-conti|clos-de-vougeot|chambertin|musigny,s:wp-c-te-de-nuits|s:wp-burgundy-wine,cited,high,False,2026-09-16,https://nanobotco.github.io/pinot-noir/region/cote-de-nuits/
dundee-hills,region,Dundee Hills,,willamette|oregon,,,45.28,-123.05,"{""country"": ""United States"", ""level"": ""sub-ava"", ""established"": 2004, ""soil"": ""Jory — basalt-derived red clay loam""}","A single hill of red volcanic Jory soil north-west of Dundee, and the ground Oregon pinot noir started on in 1965.",,willamette-valley|eyrie-vineyards|domaine-drouhin-oregon|sokol-blosser,s:wp-dundee-hills-ava|s:ecfr-27-9,cited,high,False,2026-09-16,https://nanobotco.github.io/pinot-noir/region/dundee-hills/
eola-amity-hills,region,Eola-Amity Hills,,willamette|oregon,,,45.0,-123.15,"{""country"": ""United States"", ""level"": ""sub-ava"", ""established"": 2006, ""soil"": ""basalt, marine sediment""}","Basalt hills west of Salem with a hole in the Coast Range beside them. Afternoon wind off the Pacific comes through the Van Duzer Corridor, shuts the vines down and holds the acid.",,willamette-valley|pinot-noir,s:ecfr-27-9|s:wp-eola-amity-hills-ava,cited,medium,False,2026-09-16,https://nanobotco.github.io/pinot-noir/region/eola-amity-hills/
finger-lakes,region,Finger Lakes,,finger-lakes|new-york,,,42.7,-76.9,"{""country"": ""United States"", ""level"": ""ava"", ""established"": 1982}","Deep glacial lakes in upstate New York holding off the winter. Riesling country, with pinot noir on the better-drained slopes and in the sparkling base.",,pinot-noir,s:ecfr-27-9,cited,medium,False,2026-09-16,https://nanobotco.github.io/pinot-noir/region/finger-lakes/
hemel-en-aarde,region,Hemel-en-Aarde,Hemel-en-Aarde Valley|Heaven and Earth,hemel-en-aarde|south-africa,,,-34.38,19.28,"{""country"": ""South Africa"", ""level"": ""doc"", ""soil"": ""clay over Bokkeveld shale""}","A valley behind Hermanus, running inland from Walker Bay, with clay over decomposed shale and cold air off the Atlantic. South Africa's pinot address.",,pinot-noir|burgundy,s:wp-walker-bay|s:wp-south-african-wine|s:wp-hermanus,cited,medium,False,2026-09-16,https://nanobotco.github.io/pinot-noir/region/hemel-en-aarde/
jura,region,Jura,,jura,,,46.9,5.65,"{""country"": ""France"", ""level"": ""region""}","One of France's smallest regions — about 1,950 hectares — where pinot noir shares the cellar with poulsard and trousseau and sometimes ends up in the white blend.",,pinot-noir|burgundy,s:wp-jura-wine,cited,medium,False,2026-09-16,https://nanobotco.github.io/pinot-noir/region/jura/
los-carneros,region,Los Carneros,Carneros,carneros|california,,,38.25,-122.35,"{""country"": ""United States"", ""level"": ""ava"", ""established"": 1983, ""soil"": ""shallow clay over bedrock""}","The cold shoulder where Napa and Sonoma both run down to San Pablo Bay. Wind off the bay every afternoon, clay underfoot, and a harvest that starts weeks before the valley floor upstream.",,pinot-noir|andre-tchelistcheff,s:ecfr-27-9|s:wp-los-carneros-ava,cited,medium,False,2026-09-16,https://nanobotco.github.io/pinot-noir/region/los-carneros/
marlborough,region,Marlborough,,marlborough|new-zealand,,,-41.52,173.85,"{""country"": ""New Zealand"", ""level"": ""gi""}","New Zealand's largest region by a distance, known abroad for sauvignon blanc and holding the country's biggest pinot noir planting almost as a side effect — still wine on the clay of the Southern Valleys, sparkling base on the Wairau gravels.",,pinot-noir|central-otago,s:wp-marlborough-wine-region|s:wp-new-zealand-wine,cited,medium,False,2026-09-16,https://nanobotco.github.io/pinot-noir/region/marlborough/
martinborough,region,Martinborough,,martinborough|new-zealand,,,-41.22,175.46,"{""country"": ""New Zealand"", ""level"": ""gi"", ""soil"": ""river gravel over clay""}","A gravel terrace at the south end of the North Island, in the rain shadow of the Tararua Range, with a town laid out as a Union Jack. Small, dry, windy, and planted almost entirely to pinot noir.",,pinot-noir|central-otago|abel-clone,s:wp-martinborough|s:wp-new-zealand-wine,cited,medium,False,2026-09-16,https://nanobotco.github.io/pinot-noir/region/martinborough/
mornington-peninsula,region,Mornington Peninsula,,mornington|australia,,,-38.35,145.05,"{""country"": ""Australia"", ""level"": ""gi""}","An hour south of Melbourne with sea on three sides. Maritime, cool, and cut into small holdings — vineyards here are measured in a few hectares, not a few hundred.",,pinot-noir|yarra-valley,s:wp-mornington-peninsula|s:wp-australian-wine,cited,medium,False,2026-09-16,https://nanobotco.github.io/pinot-noir/region/mornington-peninsula/
okanagan-valley,region,Okanagan Valley,,okanagan|canada,,,49.8,-119.6,"{""country"": ""Canada"", ""level"": ""gi""}","A long lake moderating a northern desert in British Columbia. Hot days, cold nights, a short season, and pinot noir on the cooler northern end.",,pinot-noir,s:wp-okanagan-valley-wine-region,cited,medium,False,2026-09-16,https://nanobotco.github.io/pinot-noir/region/okanagan-valley/
ribbon-ridge,region,Ribbon Ridge,,willamette|oregon,,,45.35,-123.1,"{""country"": ""United States"", ""level"": ""sub-ava"", ""established"": 2005, ""soil"": ""Willakenzie marine sediment""}","Three and a half square miles of uniform sedimentary soil rising out of Yamhill-Carlton — one of the smallest AVAs in the country, and one of the tidiest arguments for drawing a line around a single landform.",,yamhill-carlton|willamette-valley,s:ecfr-27-9|s:wp-ribbon-ridge-ava,cited,medium,False,2026-09-16,https://nanobotco.github.io/pinot-noir/region/ribbon-ridge/
russian-river-valley,region,Russian River Valley,,russian-river|sonoma|california,,,38.48,-122.87,"{""country"": ""United States"", ""level"": ""ava"", ""established"": 1983, ""soil"": ""Goldridge sandy loam""}",Fog runs up the river gap from the Pacific most summer nights and sits until mid-morning. Sonoma planted pinot noir into that fog and the plantings tripled in a decade.,,sonoma-coast|williams-selyem|merry-edwards,s:wp-russian-river-valley-ava|s:ecfr-27-9,cited,high,False,2026-09-16,https://nanobotco.github.io/pinot-noir/region/russian-river-valley/
sancerre,region,Sancerre,,loire,,,47.33,2.84,"{""country"": ""France"", ""level"": ""commune""}","Better known for sauvignon blanc, and still making red and rosé from pinot noir on the same Kimmeridgian slopes — lighter than Burgundy, good cold.",,pinot-noir|burgundy,s:wp-sancerre-aoc,cited,medium,False,2026-09-16,https://nanobotco.github.io/pinot-noir/region/sancerre/
santa-cruz-mountains,region,Santa Cruz Mountains,,santa-cruz-mountains|california,,,37.15,-122.05,"{""country"": ""United States"", ""level"": ""ava"", ""established"": 1981}","Vines scattered through fault-ridge forest either side of the range, some facing the ocean, some facing the bay, none of them flat. Martin Ray planted pinot noir here when almost nobody in California would.",,martin-ray|mount-eden,s:ecfr-27-9|s:wp-santa-cruz-mountains-ava,cited,medium,False,2026-09-16,https://nanobotco.github.io/pinot-noir/region/santa-cruz-mountains/
santa-lucia-highlands,region,Santa Lucia Highlands,,santa-lucia-highlands|central-coast|california,,,36.45,-121.4,"{""country"": ""United States"", ""level"": ""ava"", ""established"": 1992}","Terraces on the east face of the Santa Lucia range, above the Salinas Valley floor. The wind comes up the valley every afternoon hard enough to shape the canopy.",,pinot-noir|santa-maria-valley,s:ecfr-27-9|s:wp-santa-lucia-highlands-ava,cited,medium,False,2026-09-16,https://nanobotco.github.io/pinot-noir/region/santa-lucia-highlands/
santa-maria-valley,region,Santa Maria Valley,,santa-maria-valley|santa-barbara|central-coast|california,,,34.93,-120.25,"{""country"": ""United States"", ""level"": ""ava"", ""established"": 1981, ""soil"": ""sandy loam to clay loam; alluvial floor, shaly slopes""}","A funnel opening west to the Pacific at 34.9°N — further south than anywhere sensible for pinot noir, and colder through the growing season than most of Oregon. The transverse ranges turn this valley east-west, the ocean walks straight in, and summer averages 75°F.",,bien-nacido|tri-tip-over-red-oak|santa-maria-tri-tip|sta-rita-hills|au-bon-climat|santa-maria-bbq-association,s:wp-santa-maria-valley-ava|s:ecfr-27-9|s:wp-santa-maria-valley,cited,high,False,2026-09-16,https://nanobotco.github.io/pinot-noir/region/santa-maria-valley/
sonoma-coast,region,Sonoma Coast,,sonoma-coast|sonoma|california,,,38.5,-123.1,"{""country"": ""United States"", ""level"": ""ava"", ""established"": 1987}","An AVA big enough to be an argument: it runs from the Pacific bluffs inland across most of the county. The vines that gave it its name sit on the far western ridges, cold and steep, and growers there spent years carving out smaller names.",,russian-river-valley|pinot-noir,s:ecfr-27-9|s:wp-sonoma-coast-ava,cited,medium,False,2026-09-16,https://nanobotco.github.io/pinot-noir/region/sonoma-coast/
sta-rita-hills,region,Sta. Rita Hills,Santa Rita Hills,sta-rita-hills|santa-barbara|california,,,34.63,-120.4,"{""country"": ""United States"", ""level"": ""sub-ava"", ""established"": 2001, ""soil"": ""diatomaceous shale, sandy loam""}","A wind tunnel between Buellton and Lompoc where the Santa Ynez Valley opens west to the ocean. Fog in the morning, thirty-knot afternoons, and some of the slowest ripening in California.",,santa-maria-valley|sanford-and-benedict|richard-sanford,s:wp-sta-rita-hills-ava|s:ecfr-27-9,cited,high,False,2026-09-16,https://nanobotco.github.io/pinot-noir/region/sta-rita-hills/
tasmania,region,Tasmania,,tasmania|australia,,,-41.6,147.2,"{""country"": ""Australia"", ""level"": ""gi""}","Australia's coldest vineyards, split between the Tamar in the north and the Coal River and Derwent in the south. Most of the pinot noir goes into sparkling base; the rest is picked ripe enough to bottle red.",,pinot-noir|champagne,s:wp-tasmanian-wine|s:wp-australian-wine,cited,medium,False,2026-09-16,https://nanobotco.github.io/pinot-noir/region/tasmania/
willamette-valley,region,Willamette Valley,,willamette|oregon,,,45.2,-123.1,"{""country"": ""United States"", ""level"": ""ava"", ""established"": 1983, ""soil"": ""volcanic Jory, marine sedimentary, windblown loess""}","Three and a half million acres of Oregon between the Coast Range and the Cascades, of which a thin band of hillside grows pinot noir. Eleven AVAs now sit inside it.",,dundee-hills|eola-amity-hills|yamhill-carlton|ribbon-ridge|david-lett|eyrie-vineyards|domaine-drouhin-oregon,s:wp-willamette-valley-ava|s:wp-oregon-wine|s:ecfr-27-9,cited,high,False,2026-09-16,https://nanobotco.github.io/pinot-noir/region/willamette-valley/
yamhill-carlton,region,Yamhill-Carlton,,willamette|oregon,,,45.3,-123.25,"{""country"": ""United States"", ""level"": ""sub-ava"", ""established"": 2004, ""soil"": ""ancient marine sedimentary""}","A horseshoe of old marine sediment around the towns of Yamhill and Carlton, draining fast and ripening early.",,willamette-valley|ribbon-ridge,s:ecfr-27-9|s:wp-yamhill-carlton-ava,cited,medium,False,2026-09-16,https://nanobotco.github.io/pinot-noir/region/yamhill-carlton/
yarra-valley,region,Yarra Valley,,yarra|australia,,,-37.65,145.45,"{""country"": ""Australia"", ""level"": ""gi""}","Hills north-east of Melbourne, planted in the 1830s, pulled out by the 1920s, replanted from the 1960s. Cool sites high in the valley grow pinot noir for still wine and for sparkling.",,pinot-noir|mornington-peninsula,s:wp-yarra-valley|s:wp-australian-wine,cited,medium,False,2026-09-16,https://nanobotco.github.io/pinot-noir/region/yarra-valley/
bien-nacido,vineyard,Bien Nacido,Bien Nacido Vineyards|Rancho Tepusquet,santa-maria-valley|santa-barbara|california,,,34.92,-120.25,"{""country"": ""United States"", ""established"": 1969, ""soil"": ""sand, chalk and marine loam""}","Eight hundred acres on the Santa Maria bench, planted in 1969 and farmed row by row for whoever buys the rows. Over 250 acres of it is pinot noir, and the vineyard's name appears on more labels than most wineries manage.",,santa-maria-valley|au-bon-climat|tri-tip-over-red-oak|massale-selection,s:wp-bien-nacido-vineyard|s:wp-rancho-tepusquet|s:wp-santa-maria-valley-ava,cited,high,False,2026-09-16,https://nanobotco.github.io/pinot-noir/vineyard/bien-nacido/
chambertin,vineyard,Chambertin,,cote-de-nuits|burgundy,,,47.22,4.96,"{""country"": ""France""}","Gevrey's grand cru on the mid-slope, and the name the village bolted onto its own in 1847 — the first commune in Burgundy to do it, and the start of every double-barrelled name on the Côte.",,cote-de-nuits|burgundy,s:wp-gevrey-chambertin|s:wp-burgundy-wine,cited,medium,False,2026-09-16,https://nanobotco.github.io/pinot-noir/vineyard/chambertin/
clos-de-vougeot,vineyard,Clos de Vougeot,,cote-de-nuits|burgundy,,,47.176,4.955,"{""country"": ""France"", ""soil"": ""limestone at the top, clay at the bottom""}","Fifty hectares behind a wall the Cistercians of Cîteaux built, and more than eighty owners inside it. One name on every label, and a slope that runs from grand cru ground at the top to heavy clay by the road.",,cote-de-nuits|climat|burgundy,s:wp-clos-de-vougeot,cited,high,False,2026-09-16,https://nanobotco.github.io/pinot-noir/vineyard/clos-de-vougeot/
corton,vineyard,Corton,,cote-de-beaune|burgundy,,,47.07,4.86,"{""country"": ""France""}","The hill above Aloxe, and Burgundy's largest grand cru: 95 hectares in production, nearly all of it red, and the only red grand cru on the Côte de Beaune.",,cote-de-beaune|hospices-de-beaune,s:wp-corton-aoc,cited,high,False,2026-09-16,https://nanobotco.github.io/pinot-noir/vineyard/corton/
la-tache,vineyard,La Tâche,,cote-de-nuits|burgundy,,,47.16,4.953,"{""country"": ""France"", ""soil"": ""limestone, marl""}","Five hectares in Vosne-Romanée, one owner, about 12,700 bottles. The appellation rules set 35 hl/ha, 9,000 vines to the hectare and 11.5% potential alcohol before anyone picks.",,drc|romanee-conti,s:wp-la-t-che-aoc,cited,high,False,2026-09-16,https://nanobotco.github.io/pinot-noir/vineyard/la-tache/
musigny,vineyard,Musigny,,cote-de-nuits|burgundy,,,47.19,4.96,"{""country"": ""France"", ""soil"": ""thin limestone over rock""}","Ten hectares above Chambolle, the one grand cru of the Côte de Nuits that also makes a white — about two thirds of a hectare of it.",,cote-de-nuits|chardonnay,s:wp-le-musigny,cited,high,False,2026-09-16,https://nanobotco.github.io/pinot-noir/vineyard/musigny/
richebourg,vineyard,Richebourg,,cote-de-nuits|burgundy,,,47.165,4.957,"{""country"": ""France""}","Vosne-Romanée grand cru north of Romanée-Conti, on deeper soil, giving the broadest wine of that group of neighbours.",,romanee-conti|domaine-leroy|henri-jayer,s:wp-richebourg|s:meadows-pearl,tradition,medium,False,2026-09-16,https://nanobotco.github.io/pinot-noir/vineyard/richebourg/
romanee-conti,vineyard,Romanée-Conti,,cote-de-nuits|burgundy,,,47.163,4.955,"{""country"": ""France"", ""established"": 1936, ""soil"": ""limestone, marl"", ""status"": ""open""}","Under two hectares of Vosne-Romanée hillside, held by one owner, producing about 3,500 bottles a year. No other patch of ground in wine carries this much argument per square metre.",,drc|la-tache|cote-de-nuits|monopole,s:wp-roman-e-conti|s:meadows-pearl,cited,high,False,2026-09-16,https://nanobotco.github.io/pinot-noir/vineyard/romanee-conti/
sanford-and-benedict,vineyard,Sanford & Benedict,,sta-rita-hills|santa-barbara|california,,,34.62,-120.3,"{""country"": ""United States"", ""established"": 1971}","The planting that proved the Santa Ynez river gap: put in during 1971 by Richard Sanford and Michael Benedict on a north-facing slope nobody else wanted, and now inside the Sta. Rita Hills AVA.",,sta-rita-hills|richard-sanford,s:wp-sta-rita-hills-ava|s:haeger-north-american,tradition,medium,True,2026-09-16,https://nanobotco.github.io/pinot-noir/vineyard/sanford-and-benedict/
adelsheim,producer,Adelsheim Vineyard,,willamette|oregon,OR,Newberg,45.32,-122.99,"{""country"": ""United States"", ""established"": 1971}","David and Ginny Adelsheim bought 19 acres outside Newberg in 1971. He then spent decades on the committee work — the AVA petitions, the clone imports, the arguments about what Oregon should be allowed to call itself.",,willamette-valley|dijon-115,s:wp-adelsheim-vineyard|s:wp-willamette-valley-ava,cited,high,False,2026-09-16,https://nanobotco.github.io/pinot-noir/producer/adelsheim/
au-bon-climat,producer,Au Bon Climat,,santa-maria-valley|santa-barbara|california,CA,Santa Maria,34.92,-120.26,"{""country"": ""United States"", ""established"": 1982}","Founded in 1982 by Jim Clendenen and Adam Tolmach, and housed inside Bien Nacido since. Clendenen ran it alone from 1990 and made Santa Barbara pinot noir something people ordered by name.",,jim-clendenen|bien-nacido|santa-maria-valley|tri-tip-over-red-oak,s:wp-au-bon-climat|s:wp-jim-clendenen,cited,high,False,2026-09-16,https://nanobotco.github.io/pinot-noir/producer/au-bon-climat/
bass-phillip,producer,Bass Phillip,,australia,Victoria,Leongatha,-38.48,145.95,"{""country"": ""Australia"", ""established"": 1979}","Phillip Jones planted at Leongatha in South Gippsland in 1979 and did not sell a bottle for twelve years. He planted at Burgundian density in a corner of Victoria nobody rated, and the wines became Australia's pinot benchmark.",,high-density-planting|pinot-noir,s:wp-bass-phillip,cited,medium,False,2026-09-16,https://nanobotco.github.io/pinot-noir/producer/bass-phillip/
calera,producer,Calera,,california,CA,Hollister,36.66,-121.13,"{""country"": ""United States"", ""established"": 1975}","Josh Jensen went looking for limestone in California because Burgundy grows on it, found a lime kiln site high on Mount Harlan in San Benito County, and planted pinot noir at 2,200 feet in 1975.",,josh-jensen|calera-selection|burgundy,s:devilliers-heartbreak|s:haeger-north-american,tradition,medium,True,2026-09-16,https://nanobotco.github.io/pinot-noir/producer/calera/
domaine-drouhin-oregon,producer,Domaine Drouhin Oregon,,willamette|oregon,OR,Dayton,45.28,-123.09,"{""country"": ""United States"", ""established"": 1987}","Burgundy's answer to the 1979 tasting: the Drouhin family bought land in the Dundee Hills in 1987 and built a gravity-flow winery into the slope, with Véronique Drouhin making the wine.",,joseph-drouhin|dundee-hills|eyrie-vineyards,s:wp-oregon-wine|s:wp-joseph-drouhin,tradition,medium,False,2026-09-16,https://nanobotco.github.io/pinot-noir/producer/domaine-drouhin-oregon/
domaine-leroy,producer,Domaine Leroy,,cote-de-nuits|burgundy,Côte-d'Or,Vosne-Romanée,47.163,4.948,"{""country"": ""France""}","Twenty-three hectares of mostly premier and grand cru Burgundy, farmed biodynamically since Lalou Bize-Leroy assembled the domaine in 1988 out of Charles Noëllat's holdings. Yields are tiny and the wines are priced accordingly.",,lalou-bize-leroy|richebourg|native-yeast,s:wp-domaine-leroy|s:wp-lalou-bize-leroy,cited,high,False,2026-09-16,https://nanobotco.github.io/pinot-noir/producer/domaine-leroy/
drc,producer,Domaine de la Romanée-Conti,DRC|Domaine de la Romanee-Conti,cote-de-nuits|burgundy,Côte-d'Or,Vosne-Romanée,47.162,4.951,"{""country"": ""France"", ""status"": ""unknown""}","The Vosne-Romanée domaine that owns Romanée-Conti and La Tâche outright and holds pieces of Richebourg, Échezeaux, Grands Échezeaux, Romanée-Saint-Vivant and Montrachet. Sold in mixed cases, allocated by relationship, and resold at multiples nobody at the domaine sets.",,romanee-conti|la-tache|aubert-de-villaine|burgundy,s:wp-domaine-de-la-roman-e-conti|s:meadows-pearl,cited,high,False,2026-09-16,https://nanobotco.github.io/pinot-noir/producer/drc/
eyrie-vineyards,producer,The Eyrie Vineyards,,willamette|oregon,OR,McMinnville,45.21,-123.2,"{""country"": ""United States"", ""established"": 1965}",David and Diana Lett planted the Willamette Valley's first pinot noir in 1965 and made their first vintage in 1970. They also made the first American pinot gris.,,david-lett|dundee-hills|willamette-valley|how-pinot-travelled,s:wp-the-eyrie-vineyards|s:wp-david-lett|s:wp-oregon-wine,cited,high,False,2026-09-16,https://nanobotco.github.io/pinot-noir/producer/eyrie-vineyards/
felton-road,producer,Felton Road,,central-otago|new-zealand,Otago,Bannockburn,-45.05,169.18,"{""country"": ""New Zealand"", ""established"": 1991}","Bannockburn, Central Otago — schist, old gold workings, and a cellar that farms organically and biodynamically and bottles its blocks separately.",,central-otago|pinot-noir,s:wp-felton-road|s:wp-central-otago-wine-region,tradition,medium,True,2026-09-16,https://nanobotco.github.io/pinot-noir/producer/felton-road/
hanzell,producer,Hanzell Vineyards,,sonoma|california,CA,Sonoma,38.32,-122.44,"{""country"": ""United States"", ""established"": 1953}","James Zellerbach planted two acres of pinot noir and four of chardonnay above Sonoma in 1953, then built a cellar copying Burgundy's methods — French oak, temperature control, inert gas. California winemaking followed him.",,pinot-noir|neutral-oak,s:wp-hanzell-vineyards,cited,high,False,2026-09-16,https://nanobotco.github.io/pinot-noir/producer/hanzell/
joseph-drouhin,producer,Maison Joseph Drouhin,,cote-de-beaune|burgundy,Côte-d'Or,Beaune,47.023,4.836,"{""country"": ""France"", ""established"": 1880}","Beaune house founded in 1880, certified organic across its own vineyards from the 2009 vintage, and the family that took Burgundy's argument to Oregon in 1987.",,domaine-drouhin-oregon|willamette-valley,s:wp-joseph-drouhin,cited,high,False,2026-09-16,https://nanobotco.github.io/pinot-noir/producer/joseph-drouhin/
louis-jadot,producer,Maison Louis Jadot,,cote-de-beaune|burgundy,Côte-d'Or,Beaune,47.026,4.84,"{""country"": ""France"", ""established"": 1859}","A Beaune négociant founded in 1859, farming and buying across 270 hectares of Burgundy including Beaujolais crus, and bottling nothing that is not an appellation wine.",,negociant|cote-de-beaune,s:wp-maison-louis-jadot,cited,high,False,2026-09-16,https://nanobotco.github.io/pinot-noir/producer/louis-jadot/
rippon,producer,Rippon,,central-otago|new-zealand,Otago,Wanaka,-44.71,169.12,"{""country"": ""New Zealand""}","Vines on a lake terrace at Wanaka, biodynamic, with the Southern Alps behind them — the photograph that sells Central Otago, and a family that has farmed the slope since the nineteenth century.",,central-otago,s:wp-rippon|s:wp-central-otago-wine-region,tradition,low,True,2026-09-16,https://nanobotco.github.io/pinot-noir/producer/rippon/
sokol-blosser,producer,Sokol Blosser,,willamette|oregon,OR,Dayton,45.27,-123.07,"{""country"": ""United States"", ""established"": 1971}",Bill Blosser and Susan Sokol Blosser planted five acres of pinot noir into a former prune orchard in 1971 and made their first vintage in 1977. The estate has been certified organic since 2005.,,dundee-hills|willamette-valley,s:wp-sokol-blosser,cited,high,False,2026-09-16,https://nanobotco.github.io/pinot-noir/producer/sokol-blosser/
williams-selyem,producer,Williams Selyem,,russian-river|sonoma|california,CA,Healdsburg,38.48,-122.9,"{""country"": ""United States"", ""established"": 1981}","Burt Williams and Ed Selyem started in a Forestville garage in the early 1980s, bought fruit from Russian River growers and put the vineyard's name on the label. The mailing list became the model half of California copied.",,russian-river-valley|burt-williams,s:haeger-north-american|s:wp-russian-river-valley-ava,tradition,medium,True,2026-09-16,https://nanobotco.github.io/pinot-noir/producer/williams-selyem/
abel-clone,clone,Abel clone,Ata Rangi clone|gumboot clone,new-zealand|martinborough|central-otago,,,,,"{""origin"": ""Burgundy field selection""}","New Zealand's most-told vine story: a cutting confiscated at Auckland airport in the 1970s, handed to a customs officer who happened to make wine, propagated, and now planted the length of the country.",,martinborough|central-otago|massale-selection,s:wp-new-zealand-wine,tradition,low,True,2026-09-16,https://nanobotco.github.io/pinot-noir/clone/abel-clone/
calera-selection,clone,Calera selection,Jensen selection,california,,,,,"{""origin"": ""California""}","Cuttings Josh Jensen is said to have brought back from Burgundy in the mid-1970s, planted on Mount Harlan and passed around California since. Growers who plant it say so on the label.",,calera|josh-jensen|massale-selection,s:devilliers-heartbreak|s:haeger-north-american,tradition,low,True,2026-09-16,https://nanobotco.github.io/pinot-noir/clone/calera-selection/
dijon-115,clone,Dijon 115,115|ENTAV-INRA 115,world,,,,,"{""origin"": ""Dijon""}","Small berries, small bunches, early ripening, aromatic. The most planted of the Dijon selections in the New World and the one growers reach for when a site needs perfume.",,dijon-777|dijon-667|raymond-bernard|the-dijon-numbers,s:wp-pinot-noir|s:fps-grapes,tradition,medium,True,2026-09-16,https://nanobotco.github.io/pinot-noir/clone/dijon-115/
dijon-667,clone,Dijon 667,667|ENTAV-INRA 667,world,,,,,"{""origin"": ""Dijon""}","The third of the trio that travelled: mid-weight, spicy, and useful for filling the gap between 115's perfume and 777's colour.",,dijon-115|dijon-777,s:wp-pinot-noir|s:fps-grapes,tradition,medium,True,2026-09-16,https://nanobotco.github.io/pinot-noir/clone/dijon-667/
dijon-777,clone,Dijon 777,777|ENTAV-INRA 777,world,,,,,"{""origin"": ""Dijon""}","Deeper colour, smaller crop, more tannin than 115. Planted where a grower wants weight without waiting for a warm year.",,dijon-115|the-dijon-numbers,s:wp-pinot-noir|s:fps-grapes,tradition,medium,True,2026-09-16,https://nanobotco.github.io/pinot-noir/clone/dijon-777/
mount-eden,clone,Mount Eden selection,Mt. Eden clone|Martin Ray selection,santa-cruz-mountains|california,,,,,"{""origin"": ""California""}","A California field selection traced back to Martin Ray's plantings in the Santa Cruz Mountains, and through him, by the usual account, to Paul Masson's cuttings from Burgundy. Tiny clusters, tiny crop.",,martin-ray|santa-cruz-mountains|massale-selection,s:haeger-north-american|s:wp-paul-masson,tradition,low,True,2026-09-16,https://nanobotco.github.io/pinot-noir/clone/mount-eden/
pinot-droit,clone,Pinot Droit,Gamay Beaujolais (Californian misnomer),california|burgundy,,,,,"{""origin"": ""Burgundy field selection""}","Upright-growing, high-cropping selections that suited a grower paid by weight. California sold a series of them under the misnomer 'Gamay Beaujolais', and Burgundy planted them in ground where nobody was looking.",,pinot-noir|the-dijon-numbers,s:wp-pinot-noir,cited,medium,False,2026-09-16,https://nanobotco.github.io/pinot-noir/clone/pinot-droit/
pommard-ucd4,clone,"Pommard, UCD 4",UCD 4|Pommard clone|UCD4,oregon|california,,,,,"{""origin"": ""Burgundy field selection"", ""country"": ""United States""}","The workhorse of American pinot noir before the Dijon numbers arrived, and still planted everywhere. Bigger berries, firmer structure, a darker wine than the Dijons give.",,wadenswil-ucd2a|dijon-115|the-dijon-numbers,s:wp-pinot-noir|s:fps-grapes,cited,medium,False,2026-09-16,https://nanobotco.github.io/pinot-noir/clone/pommard-ucd4/
swan-selection,clone,Swan selection,Joseph Swan selection,russian-river|sonoma|california,,,,,"{""origin"": ""California""}","A Russian River field selection off Joseph Swan's vineyard, planted through Sonoma for its small berries and its dark, savoury wine.",,russian-river-valley|massale-selection,s:haeger-north-american,tradition,low,True,2026-09-16,https://nanobotco.github.io/pinot-noir/clone/swan-selection/
wadenswil-ucd2a,clone,"Wädenswil, UCD 2A",UCD 2A|Wadensvil|Wädenswil,oregon,,,,,"{""origin"": ""Swiss""}","A Swiss research-station selection that reached Oregon early and stayed. Lighter in colour, higher in aromatics, and often blended against Pommard to fill the middle.",,pommard-ucd4|willamette-valley,s:wp-pinot-noir|s:fps-grapes,cited,medium,False,2026-09-16,https://nanobotco.github.io/pinot-noir/clone/wadenswil-ucd2a/
cold-soak,practice,Cold soak,Pre-fermentation maceration|Macération à froid,world,,,,,"{""kind"": ""ferment""}",Chilling the crushed fruit and holding it below fermentation temperature for days before the yeast start. Water pulls colour and aroma out of the skins; alcohol has not arrived yet to pull tannin.,,whole-cluster|native-yeast,s:wp-maceration-wine,tradition,medium,False,2026-09-16,https://nanobotco.github.io/pinot-noir/practice/cold-soak/
green-harvest,practice,Green harvest,Vendange verte|Crop thinning,world,,,,,"{""kind"": ""vineyard""}","Cutting unripe bunches onto the ground in summer so the vine ripens fewer. Yield control with secateurs, after the vine has already set more fruit than the grower wants.",,burgundy|high-density-planting,s:oxford-companion-wine-4,tradition,medium,False,2026-09-16,https://nanobotco.github.io/pinot-noir/practice/green-harvest/
hand-harvest,practice,Hand harvest,,world,,,,,"{""kind"": ""vineyard""}","Picking into small crates by hand, so the bunch arrives whole and the cellar decides what to do with it. A machine strips berries off the stem in the row, which settles the whole-cluster question before anyone gets a vote.",,whole-cluster|burgundy,s:oxford-companion-wine-4,tradition,medium,False,2026-09-16,https://nanobotco.github.io/pinot-noir/practice/hand-harvest/
high-density-planting,practice,High-density planting,,burgundy|world,,,,,"{""kind"": ""planting""}","Nine to twelve thousand vines a hectare, rows a metre apart, each vine carrying a handful of bunches. Burgundy's grand cru rules set a floor of 9,000 vines per hectare and the New World mostly did not follow.",,la-tache|bass-phillip,s:wp-la-t-che-aoc|s:wp-bass-phillip,cited,medium,False,2026-09-16,https://nanobotco.github.io/pinot-noir/practice/high-density-planting/
malolactic,practice,Malolactic fermentation,Malo|MLF|Secondary fermentation,world,,,,,"{""kind"": ""ferment""}","A bacterial conversion, not a yeast one: lactic acid bacteria turn sharp malic acid into softer lactic acid and let off CO₂. Nearly every red pinot noir goes through it.",,neutral-oak|pinot-noir,s:wp-malolactic-fermentation,cited,high,False,2026-09-16,https://nanobotco.github.io/pinot-noir/practice/malolactic/
massale-selection,practice,Massal selection,Sélection massale|Massale,burgundy|world,,,,,"{""kind"": ""planting""}","Taking cuttings from many vines in a block you already trust, instead of ordering one numbered clone from a nursery. You keep the block's variation, and whatever virus it carries.",,the-dijon-numbers|mount-eden|abel-clone|bien-nacido,s:wp-pinot-noir|s:wp-ampelography,tradition,medium,False,2026-09-16,https://nanobotco.github.io/pinot-noir/practice/massale-selection/
native-yeast,practice,Native yeast,Wild ferment|Spontaneous fermentation|Indigenous yeast,world,,,,,"{""kind"": ""ferment""}","Letting whatever came in on the fruit and lives in the cellar start the ferment, instead of pitching a selected strain from a packet.",,cold-soak|wine-fault-brett,s:wp-yeast-in-winemaking,cited,medium,False,2026-09-16,https://nanobotco.github.io/pinot-noir/practice/native-yeast/
neutral-oak,practice,Neutral oak,Old barrels|Used barriques,burgundy|world,,,,,"{""kind"": ""ageing""}","A barrel that has already given up its flavour — third use, fourth, older. It still lets oxygen through the staves and still shapes texture; it just stops tasting of the forest.",,malolactic|hanzell,s:wp-oak-wine|s:wp-barrel,cited,medium,False,2026-09-16,https://nanobotco.github.io/pinot-noir/practice/neutral-oak/
pigeage,practice,Punching down,Pigeage|Punch-down,burgundy|world,,,,,"{""kind"": ""ferment""}","Pushing the floating cap of skins back under the wine, by foot or by plunger, several times a day. Pinot's cap rises fast and dries out if nobody moves it.",,whole-cluster|saignee|pigeage-term,s:wp-maceration-wine|s:wp-fermentation-in-winemaking,tradition,medium,False,2026-09-16,https://nanobotco.github.io/pinot-noir/practice/pigeage/
saignee,practice,Saignée,,world|champagne,,,,,"{""kind"": ""press""}","Bleeding juice off a red fermenter early, to raise the skin-to-juice ratio in what stays behind. The juice that comes out is sold as rosé.",,saignee-term|champagne,s:wp-ros|s:oxford-companion-wine-4,tradition,medium,False,2026-09-16,https://nanobotco.github.io/pinot-noir/practice/saignee/
whole-cluster,practice,Whole cluster,Whole-bunch|Vendange entière|Stem inclusion,burgundy|world,,,,,"{""kind"": ""ferment""}","Putting bunches into the fermenter with their stems still attached, instead of pulling the berries off first. Stems bring water, potassium, tannin and a green-stalk smell that turns spicy when it works and stalky when it doesn't.",,vendange-entiere|pigeage|pinot-noir,s:wp-maceration-wine|s:oxford-companion-wine-4,tradition,medium,False,2026-09-16,https://nanobotco.github.io/pinot-noir/practice/whole-cluster/
coq-au-vin,pairing,Coq au vin,,burgundy,,,,,"{""course"": ""main"", ""country"": ""France""}","A tough old bird braised in red wine, lardons, mushrooms and onions, thickened with its own blood in the oldest versions. Burgundy cooks it in Burgundy and drinks the same wine with it.",,pinot-noir|burgundy|mushrooms,s:wp-coq-au-vin,cited,medium,False,2026-09-16,https://nanobotco.github.io/pinot-noir/pairing/coq-au-vin/
duck,pairing,Duck,,burgundy|world,,,,,"{""course"": ""bird"", ""country"": ""France""}","The pairing pinot noir gets asked about most: dark meat, a thick fat cap, and enough savoury weight to meet a wine with little tannin.",,pinot-noir|burgundy|mushrooms,s:wp-duck-as-food|s:wp-wine-and-food-matching,tradition,medium,False,2026-09-16,https://nanobotco.github.io/pinot-noir/pairing/duck/
mushrooms,pairing,Mushrooms,,burgundy|oregon|world,,,,,"{""course"": ""fungus"", ""country"": ""France""}","The flavour bridge: older pinot noir picks up a forest-floor smell, and a plate of fungi meets it head on. Glutamates in the mushroom read as savoury, which is the same register a mature bottle moves into.",,duck|pinot-noir|truffle-pairing,s:wp-edible-mushroom|s:wp-umami,tradition,medium,False,2026-09-16,https://nanobotco.github.io/pinot-noir/pairing/mushrooms/
pinquito-beans,pairing,Pinquito beans,Pinquitos,santa-maria-valley|california,,,,,"{""course"": ""side"", ""country"": ""United States""}","A small pink bean grown in the Santa Maria Valley and almost nowhere else, cooked with bacon or ham, garlic, chilli and a little tomato, and served in a bowl beside the beef.",,santa-maria-tri-tip|santa-maria-valley,s:wp-santa-maria-style-barbecue,cited,medium,False,2026-09-16,https://nanobotco.github.io/pinot-noir/pairing/pinquito-beans/
red-oak,pairing,Red oak,Coast live oak|Quercus agrifolia|Encina,santa-maria-valley|california,,,,,"{""course"": ""condiment"", ""country"": ""United States""}","The wood the whole style rests on. In Santa Maria, red oak means coast live oak — Quercus agrifolia — which grows on the hills around the valley and burns down to hot, steady coals without throwing much smoke.",,santa-maria-tri-tip|tri-tip-over-red-oak|santa-maria-valley,s:wp-quercus-agrifolia|s:wp-santa-maria-style-barbecue,cited,high,False,2026-09-16,https://nanobotco.github.io/pinot-noir/pairing/red-oak/
salmon,pairing,Salmon,,oregon|willamette,,,,,"{""course"": ""fish"", ""country"": ""United States""}","A fish oily enough to take a red wine, and in Oregon the pairing is local logic rather than theory — the fish and the pinot come from the same watershed.",,ipnc|willamette-valley|pinot-noir,s:wp-salmon-as-food|s:wp-wine-and-food-matching,tradition,medium,False,2026-09-16,https://nanobotco.github.io/pinot-noir/pairing/salmon/
santa-maria-salsa,pairing,Santa Maria salsa,,santa-maria-valley|california,,,,,"{""course"": ""condiment"", ""country"": ""United States""}","Chopped raw tomato, celery, green chilli, onion and a shot of vinegar or Worcestershire — thinner and sharper than a Mexican pico de gallo, and spooned over sliced beef rather than eaten with chips.",,santa-maria-tri-tip|tri-tip-over-red-oak,s:wp-santa-maria-style-barbecue|s:wp-salsa-sauce,cited,medium,False,2026-09-16,https://nanobotco.github.io/pinot-noir/pairing/santa-maria-salsa/
santa-maria-tri-tip,pairing,Santa Maria tri-tip,Tri-tip|Santa Maria steak|Triangle tip|Newport steak,santa-maria-valley|california,,,34.953,-120.436,"{""course"": ""main"", ""country"": ""United States""}","A triangular two-to-five-pound piece of bottom sirloin, rolled in salt, pepper and garlic, grilled over red oak coals to medium-rare and sliced across the grain. In its home valley it arrives with pinquito beans, salsa, green salad and buttered French bread grilled on the same fire.",,tri-tip-over-red-oak|red-oak|pinquito-beans|santa-maria-salsa|santa-maria-valley|bob-schutz|santa-maria-bbq-association,s:wp-santa-maria-style-barbecue|s:wp-tri-tip|s:usda-imps-100|s:web-smv-bbq-association|s:wp-cut-of-beef,cited,high,False,2026-09-16,https://nanobotco.github.io/pinot-noir/pairing/santa-maria-tri-tip/
truffle-pairing,pairing,Truffle,,burgundy,,,,,"{""course"": ""fungus"", ""country"": ""France""}","Burgundy has its own black truffle, and the smell does to a glass of old pinot what nothing else does. Shaved late, over something plain, and never cooked hard.",,mushrooms|burgundy,s:wp-truffle,tradition,low,False,2026-09-16,https://nanobotco.github.io/pinot-noir/pairing/truffle-pairing/
washed-rind-cheese,pairing,Washed-rind cheese,,burgundy,,,,,"{""course"": ""cheese"", ""country"": ""France""}","Époisses, Soumaintrain, Langres — Burgundy's own cheeses, washed in brine and marc until they smell like a farmyard and taste milder than they smell. The classic local match, and a difficult one: the same wash that makes the rind pungent can flatten a delicate bottle.",,burgundy|pinot-noir,s:wp-wine-and-food-matching,tradition,low,False,2026-09-16,https://nanobotco.github.io/pinot-noir/pairing/washed-rind-cheese/
andre-tchelistcheff,person,André Tchelistcheff,,california|carneros,,,,,"{""role"": ""winemaker"", ""country"": ""United States""}","Russian-born, Paris-trained, and the winemaker most often credited with teaching post-Prohibition California what a cellar is for. He is remembered for cabernet, and he also argued for cold ground — Carneros among it.",,los-carneros|hanzell,s:wp-andr-tchelistcheff,cited,medium,False,2026-09-16,https://nanobotco.github.io/pinot-noir/person/andre-tchelistcheff/
aubert-de-villaine,person,Aubert de Villaine,,burgundy,,,,,"{""role"": ""owner"", ""country"": ""France""}","Co-director of the Domaine de la Romanée-Conti from 1974 to 2021, and the man who spent a decade carrying Burgundy's climats to UNESCO.",,drc|climat|lalou-bize-leroy,s:wp-aubert-de-villaine|s:unesco-1425,cited,high,False,2026-09-16,https://nanobotco.github.io/pinot-noir/person/aubert-de-villaine/
bob-schutz,person,Bob Schutz,,santa-maria-valley|california,,,,,"{""role"": ""butcher"", ""country"": ""United States""}","A Santa Maria market manager who, in the late 1950s, took a triangular piece of bottom sirloin that was going into the hamburger grinder, seasoned it and put it on a rotisserie. The cut he sold as tri-tip is now the whole town's dish.",,santa-maria-tri-tip|tri-tip-over-red-oak|santa-maria-valley,s:wp-tri-tip|s:wp-santa-maria-style-barbecue,cited,medium,False,2026-09-16,https://nanobotco.github.io/pinot-noir/person/bob-schutz/
burt-williams,person,Burt Williams,,russian-river|anderson-valley|sonoma|california,,,,,"{""role"": ""winemaker"", ""country"": ""United States""}","Made Williams Selyem's wine in a Forestville garage, put growers' vineyard names on the front label when nobody else bothered, then sold up and planted his own vines in Anderson Valley.",,williams-selyem|russian-river-valley,s:haeger-north-american,tradition,low,True,2026-09-16,https://nanobotco.github.io/pinot-noir/person/burt-williams/
david-lett,person,David Lett,,willamette|oregon,,,,,"{""role"": ""grower"", ""country"": ""United States""}","Left UC Davis in 1964 with a degree and a plan to grow pinot noir outside Burgundy, and in 1965 planted it in the Willamette Valley — against the advice of every professor he had.",,eyrie-vineyards|willamette-valley|pinot-gris,s:wp-david-lett|s:wp-the-eyrie-vineyards|s:wp-oregon-wine,cited,high,False,2026-09-16,https://nanobotco.github.io/pinot-noir/person/david-lett/
henri-jayer,person,Henri Jayer,,cote-de-nuits|burgundy,,,,,"{""role"": ""winemaker"", ""country"": ""France""}","A Vosne-Romanée grower who started with a 3-hectare inheritance in the 1950s and changed how the Côte handles pinot noir — destemming, cold soak before fermentation, no filtration, clean fruit above all.",,richebourg|cold-soak|cote-de-nuits,s:wp-henri-jayer,cited,high,False,2026-09-16,https://nanobotco.github.io/pinot-noir/person/henri-jayer/
jim-clendenen,person,Jim Clendenen,,santa-maria-valley|santa-barbara|california,,,,,"{""role"": ""winemaker"", ""country"": ""United States""}","Founded Au Bon Climat in 1982 and spent forty years making Burgundian varieties on the Central Coast — big hair, big arguments, and a refusal to chase ripeness when everyone else did.",,au-bon-climat|bien-nacido|santa-maria-valley,s:wp-jim-clendenen|s:wp-au-bon-climat,cited,high,False,2026-09-16,https://nanobotco.github.io/pinot-noir/person/jim-clendenen/
josh-jensen,person,Josh Jensen,,california,,,,,"{""role"": ""owner"", ""country"": ""United States""}","Worked harvests at the Domaine de la Romanée-Conti and Dujac, came home convinced the ground mattered more than the recipe, and hunted California for limestone until he found an old lime kiln on Mount Harlan.",,calera|calera-selection|burgundy,s:devilliers-heartbreak|s:haeger-north-american,tradition,medium,True,2026-09-16,https://nanobotco.github.io/pinot-noir/person/josh-jensen/
lalou-bize-leroy,person,Lalou Bize-Leroy,,burgundy,,,,,"{""role"": ""owner"", ""country"": ""France""}","Took over her father's négociant house in 1955, co-managed the Domaine de la Romanée-Conti from 1974, and built Domaine Leroy and Domaine d'Auvenay into biodynamic estates with famously small crops.",,domaine-leroy|drc|aubert-de-villaine,s:wp-lalou-bize-leroy|s:wp-domaine-leroy,cited,high,False,2026-09-16,https://nanobotco.github.io/pinot-noir/person/lalou-bize-leroy/
martin-ray,person,Martin Ray,,santa-cruz-mountains|california,,,,,"{""role"": ""owner"", ""country"": ""United States""}","Bought Paul Masson's mountain winery in 1936, sold it during the war, and spent the rest of his life above Saratoga making pinot noir and chardonnay when California was planting neither.",,mount-eden|santa-cruz-mountains|paul-masson-person,s:haeger-north-american|s:wp-paul-masson,tradition,low,True,2026-09-16,https://nanobotco.github.io/pinot-noir/person/martin-ray/
merry-edwards,person,Merry Edwards,,russian-river|sonoma|california,,,,,"{""role"": ""winemaker"", ""country"": ""United States""}","One of California's first women to run a winery cellar, at Mount Eden in 1974, then at Matanzas Creek, then under her own name in the Russian River — where she also selected a pinot noir now propagated as her own.",,russian-river-valley|massale-selection,s:haeger-north-american,tradition,low,True,2026-09-16,https://nanobotco.github.io/pinot-noir/person/merry-edwards/
paul-masson-person,person,Paul Masson,,santa-cruz-mountains|california,,,,,"{""role"": ""owner"", ""country"": ""United States""}","Born in a wine village outside Beaune in 1859, arrived in California in 1878, and built a sparkling-wine business in the Santa Cruz Mountains on vines he brought from Burgundy.",,martin-ray|mount-eden|santa-cruz-mountains,s:wp-paul-masson,cited,medium,False,2026-09-16,https://nanobotco.github.io/pinot-noir/person/paul-masson-person/
raymond-bernard,person,Raymond Bernard,,burgundy,,,,,"{""role"": ""scientist"", ""country"": ""France""}","The Dijon agronomist behind the clonal selection programme that gave the world the numbered pinot noirs — 113, 114, 115, 667, 777 and the rest.",,dijon-115|the-dijon-numbers|adelsheim,s:haeger-north-american|s:wp-pinot-noir,tradition,low,True,2026-09-16,https://nanobotco.github.io/pinot-noir/person/raymond-bernard/
richard-sanford,person,Richard Sanford,,sta-rita-hills|santa-barbara|california,,,,,"{""role"": ""grower"", ""country"": ""United States""}","Read weather data instead of real-estate listings, worked out that the Santa Ynez Valley runs east-west and lets the ocean in, and planted pinot noir at Sanford & Benedict in 1971.",,sanford-and-benedict|sta-rita-hills,s:haeger-north-american|s:wp-sta-rita-hills-ava,tradition,low,True,2026-09-16,https://nanobotco.github.io/pinot-noir/person/richard-sanford/
bivb,org,BIVB,Bureau Interprofessionnel des Vins de Bourgogne,burgundy,,,47.024,4.84,"{""country"": ""France"", ""kind"": ""association"", ""status"": ""open""}","Burgundy's trade body: the growers, the négociants and the appellation statistics, in one office in Beaune.",,burgundy|negociant,s:wp-burgundy-wine,tradition,medium,False,2026-09-16,https://nanobotco.github.io/pinot-noir/org/bivb/
fps,org,Foundation Plant Services,"Foundation Plant Services, UC Davis|FPS",california,CA,Davis,38.54,-121.75,"{""country"": ""United States"", ""kind"": ""nursery"", ""status"": ""open""}","The UC Davis programme that holds, tests and distributes certified grapevine material in the United States. The numbers on American clones — UCD 4, UCD 2A — are its numbers.",,pommard-ucd4|massale-selection|the-dijon-numbers,s:fps-grapes|s:wp-foundation-plant-services,cited,high,False,2026-09-16,https://nanobotco.github.io/pinot-noir/org/fps/
hospices-de-beaune,org,Hospices de Beaune,,cote-de-beaune|burgundy,Côte-d'Or,Beaune,47.022,4.837,"{""country"": ""France"", ""kind"": ""association"", ""established"": 1443, ""status"": ""open""}",A charitable hospital founded in 1443 that has been given vineyard land for five and a half centuries and sells the wine at auction every November to pay for the medicine.,,hospices-auction|corton|cote-de-beaune,s:wp-hospices-de-beaune,cited,high,False,2026-09-16,https://nanobotco.github.io/pinot-noir/org/hospices-de-beaune/
inao,org,INAO,Institut national de l'origine et de la qualité,burgundy|champagne|alsace,,,48.85,2.35,"{""country"": ""France"", ""kind"": ""appellation"", ""status"": ""open""}","The French body that defines appellations, polices their boundaries and decides what may be planted, at what density, and how much may be picked.",,burgundy|ava|cru,s:inao|s:wp-appellation-dorigine-contr-l-e,cited,high,False,2026-09-16,https://nanobotco.github.io/pinot-noir/org/inao/
oregon-wine-board,org,Oregon Wine Board,,oregon|willamette,OR,Portland,45.52,-122.68,"{""country"": ""United States"", ""kind"": ""association"", ""status"": ""open""}",The state commission that funds Oregon's viticulture research and publishes the harvest statistics this site quotes.,,willamette-valley,s:wp-oregon-wine,tradition,medium,False,2026-09-16,https://nanobotco.github.io/pinot-noir/org/oregon-wine-board/
santa-barbara-vintners,org,Santa Barbara Vintners,,santa-barbara|california,CA,Los Olivos,34.62,-120.19,"{""country"": ""United States"", ""kind"": ""association"", ""status"": ""open""}","The county association that runs the tasting weekends and publishes the maps for the Santa Maria Valley, the Sta. Rita Hills and everything between.",,santa-maria-valley|sta-rita-hills,s:wp-santa-barbara-county-wine,tradition,medium,False,2026-09-16,https://nanobotco.github.io/pinot-noir/org/santa-barbara-vintners/
santa-maria-bbq-association,org,Santa Maria Style Barbeque Association,,santa-maria-valley|california,CA,Santa Maria,34.953,-120.436,"{""country"": ""United States"", ""kind"": ""association"", ""status"": ""open""}","The body at the Santa Maria Valley Chamber of Commerce that defines the local barbecue and certifies places serving it: beef rolled in salt, pepper and garlic, cooked on skewers over coals of red oak native to the valley.",,santa-maria-tri-tip|tri-tip-over-red-oak|santa-maria-valley,s:web-smv-bbq-association|s:wp-santa-maria-style-barbecue,cited,medium,False,2026-09-16,https://nanobotco.github.io/pinot-noir/org/santa-maria-bbq-association/
ttb,org,TTB,Alcohol and Tobacco Tax and Trade Bureau,california|oregon,,,38.9,-77.03,"{""country"": ""United States"", ""kind"": ""appellation"", ""status"": ""open""}","The US Alcohol and Tobacco Tax and Trade Bureau: it rules on AVA petitions, writes them into 27 CFR part 9, and approves every label that goes on a bottle.",,ava|santa-maria-valley|sta-rita-hills,s:ttb-ava|s:ecfr-27-9,cited,high,False,2026-09-16,https://nanobotco.github.io/pinot-noir/org/ttb/
dine-out-santa-maria-style,event,Dine Out Santa Maria Style,,santa-maria-valley|california,CA,Santa Maria,34.953,-120.436,"{""country"": ""United States"", ""status"": ""seasonal""}",A Chamber of Commerce restaurant fortnight built around the local barbecue — the valley's way of pointing visitors at the places that cook it.,,santa-maria-bbq-association|santa-maria-tri-tip,s:web-smv-bbq-association|s:web-smv-visit-bbq,cited,low,True,2026-09-16,https://nanobotco.github.io/pinot-noir/event/dine-out-santa-maria-style/
hospices-auction,event,Hospices de Beaune auction,,cote-de-beaune|burgundy,,,47.022,4.837,"{""country"": ""France"", ""status"": ""seasonal"", ""kind"": ""association""}","The third Sunday of November in Beaune: the hospital's barrels go under the hammer, buyers pay well over the market, and the trade reads the prices as a verdict on the vintage.",,hospices-de-beaune|burgundy,s:wp-hospices-de-beaune,cited,high,False,2026-09-16,https://nanobotco.github.io/pinot-noir/event/hospices-auction/
ipnc,event,International Pinot Noir Celebration,,willamette|oregon,OR,McMinnville,45.21,-123.19,"{""country"": ""United States"", ""status"": ""seasonal""}","Three days at Linfield College in McMinnville every summer since 1987: growers from everywhere pinot noir is grown, pouring beside each other under tents, with salmon grilled over alder on the Saturday.",,willamette-valley|salmon|pinot-noir,s:wp-oregon-wine,tradition,medium,True,2026-09-16,https://nanobotco.github.io/pinot-noir/event/ipnc/
saint-vincent-tournante,event,Saint-Vincent Tournante,,burgundy,,,47.1,4.9,"{""country"": ""France"", ""status"": ""seasonal""}","Burgundy's growers' festival, held in a different village each January — the confréries process, the village decorates its streets with paper flowers, and the cellars open.",,burgundy|vigneron,s:wp-burgundy-wine,tradition,low,True,2026-09-16,https://nanobotco.github.io/pinot-noir/event/saint-vincent-tournante/
world-of-pinot-noir,event,World of Pinot Noir,,santa-barbara|california,CA,Santa Barbara,34.43,-119.87,"{""country"": ""United States"", ""status"": ""seasonal""}","A March weekend on the Santa Barbara coast where producers from Burgundy, Oregon, California and the southern hemisphere pour side by side — held at the ocean end of the county that grows the stuff.",,santa-maria-valley|sta-rita-hills,s:wp-santa-barbara-county-wine,tradition,low,True,2026-09-16,https://nanobotco.github.io/pinot-noir/event/world-of-pinot-noir/
ava,term,AVA,American Viticultural Area,california|oregon,,,,,"{""letter"": ""A"", ""kind"": ""appellation""}","American Viticultural Area: a boundary drawn around ground with a name, established by federal rule in 27 CFR part 9. It says where the grapes grew and nothing at all about how good they were.",English initialism; the regulation calls it a 'viticultural area',santa-maria-valley|ttb|burgundy,s:ecfr-27-9|s:wp-american-viticultural-area,cited,high,False,2026-09-16,https://nanobotco.github.io/pinot-noir/word/ava/
brix,term,Brix,,california|oregon,,,,,"{""letter"": ""B"", ""kind"": ""vineyard""}","Sugar in the juice, as a percentage by weight. Pickers read it off a refractometer in the row, and it is the number most arguments about picking dates are conducted in — usually alongside acid and pH, which matter as much.","Named for Adolf Brix, the nineteenth-century German scientist who refined the scale",pinot-noir|hand-harvest,s:wp-winemaking,tradition,medium,False,2026-09-16,https://nanobotco.github.io/pinot-noir/word/brix/
climat,term,Climat,,burgundy,,,,,"{""letter"": ""C"", ""kind"": ""vineyard""}","In Burgundy, a named parcel of vineyard with a boundary, a history and a reputation — not a weather word. There are over a thousand of them on the Côte d'Or, and UNESCO listed the lot in 2015.","French climat, from Latin clima, Greek klima — a slope, a zone of the sky; the Burgundian sense is a named plot",burgundy|lieu-dit|clos-de-vougeot,s:unesco-1425|s:wp-burgundy-wine,cited,high,False,2026-09-16,https://nanobotco.github.io/pinot-noir/word/climat/
cru,term,Cru,,burgundy|world,,,,,"{""letter"": ""C"", ""kind"": ""vineyard""}","A growth: a vineyard, or a class of vineyards, recognised for what it yields. Grand cru and premier cru rank the ground in Burgundy; in Bordeaux the same word ranks the château instead.","French cru, past participle of croître, to grow — 'that which has grown'",climat|burgundy,s:wp-grand-cru|s:wp-premier-cru,cited,high,False,2026-09-16,https://nanobotco.github.io/pinot-noir/word/cru/
lieu-dit,term,Lieu-dit,,burgundy|alsace,,,,,"{""letter"": ""L"", ""kind"": ""vineyard""}",A named place on the cadastral map — the official French term for a piece of ground people call something. Every climat is a lieu-dit; not every lieu-dit carries a cru rank.,"French lieu (place) + dit (said, called) — 'the place they call'",climat|monopole,s:wp-burgundy-wine,tradition,medium,False,2026-09-16,https://nanobotco.github.io/pinot-noir/word/lieu-dit/
monopole,term,Monopole,,burgundy,,,,,"{""letter"": ""M"", ""kind"": ""vineyard""}","A named vineyard held whole by one owner. Rare in Burgundy, where inheritance splits everything, and printed on the label whenever it is true.","French monopole, from Greek monos (single) + pōlein (to sell)",romanee-conti|la-tache|clos-de-vougeot,s:wp-monopole-wine,cited,high,False,2026-09-16,https://nanobotco.github.io/pinot-noir/word/monopole/
negociant,term,Négociant,,burgundy,,,,,"{""letter"": ""N"", ""kind"": ""cellar""}","A merchant who buys grapes, juice or finished wine, raises it in their own cellar and sells it under their own name. Half of Burgundy's output moves this way.","French négociant, a trader, from Latin negotiari, to do business",louis-jadot|joseph-drouhin|burgundy,s:wp-n-gociant,cited,high,False,2026-09-16,https://nanobotco.github.io/pinot-noir/word/negociant/
pigeage-term,term,Pigeage,,burgundy,,,,,"{""letter"": ""P"", ""kind"": ""ferment""}",Punching the cap down into the wine. The old tool is a plunger; the old method is bare legs.,"French pigeage, from piger / pigeon-dialect verbs for treading or pressing down",pigeage,s:wp-maceration-wine,tradition,low,True,2026-09-16,https://nanobotco.github.io/pinot-noir/word/pigeage-term/
saignee-term,term,Saignée,,world,,,,,"{""letter"": ""S"", ""kind"": ""press""}","The bleed. Juice drawn off a red fermenter to concentrate what stays, and sold as rosé.","French saignée, a bleeding, from saigner, to bleed, from Latin sanguinare",saignee,s:wp-ros,tradition,medium,False,2026-09-16,https://nanobotco.github.io/pinot-noir/word/saignee-term/
spatburgunder,term,Spätburgunder,Blauburgunder|Blauer Spätburgunder,germany,,,,,"{""letter"": ""S"", ""kind"": ""vineyard""}","German for pinot noir, and a name that carries an argument: 'late Burgundian', against the früh — early — one that ripens weeks sooner.",German spät (late) + Burgunder (Burgundian),pinot-noir|fruhburgunder|baden,s:wp-german-wine|s:wp-baden-wine-region,cited,high,False,2026-09-16,https://nanobotco.github.io/pinot-noir/word/spatburgunder/
terroir,term,Terroir,,world,,,,,"{""letter"": ""T"", ""kind"": ""vineyard""}","The claim that a wine tastes of where it grew — soil, slope, aspect, weather, and the habits of the people farming it. In France it is also a legal argument, because appellations are drawn on it.","French terroir, from Latin territorium; older French sense 'soil, ground'",climat|pinot-noir,s:wp-terroir,cited,high,False,2026-09-16,https://nanobotco.github.io/pinot-noir/word/terroir/
vendange-entiere,term,Vendange entière,,burgundy,,,,,"{""letter"": ""V"", ""kind"": ""ferment""}","Whole harvest: the bunches go in as they came off the vine, stems and all.","French vendange (grape harvest, from Latin vindemia) + entière (whole)",whole-cluster|pinot-meunier,s:wp-maceration-wine,tradition,medium,False,2026-09-16,https://nanobotco.github.io/pinot-noir/word/vendange-entiere/
vigneron,term,Vigneron,,burgundy|world,,,,,"{""letter"": ""V"", ""kind"": ""vineyard""}",A grower who makes the wine. Not a winemaker who buys fruit and not a farmer who sells it — the word insists on both halves of the job.,"French vigneron, from vigne (vine), from Latin vinea",negociant,s:oxford-companion-wine-4,tradition,medium,False,2026-09-16,https://nanobotco.github.io/pinot-noir/word/vigneron/
wine-fault-brett,term,Brett,Brettanomyces,world,,,,,"{""letter"": ""B"", ""kind"": ""cellar""}","Brettanomyces, a yeast that lives in old barrels and makes phenols people describe as barnyard, plaster or clove. Some drinkers read a little of it as complexity, laboratories read it as spoilage, and pinot noir shows it early because there is so little else in the way.",Latinised Greek: Brettano- (British) + -myces (fungus) — named in a Carlsberg lab from British beer,native-yeast|neutral-oak,s:wp-brettanomyces|s:wp-wine-fault,cited,high,False,2026-09-16,https://nanobotco.github.io/pinot-noir/word/wine-fault-brett/
free-to-use,story,Where this comes from,,world,,,,,"{""kind"": ""resources""}","Every fact on this site points at something you can open yourself. This page lists what those things are, what each one costs to use, and where the gaps sit.",,ava|ttb|tri-tip-over-red-oak,s:ecfr-27-9|s:natural-earth|s:osm|s:oxford-companion-wine-4,cited,high,False,2026-09-16,https://nanobotco.github.io/pinot-noir/story/free-to-use/
how-pinot-travelled,story,How pinot left the hill,,world,,,,,"{""kind"": ""essay""}","Burgundy spent a thousand years working out which slope did what. Everyone else has had about sixty years, and has spent most of it looking for the same three things: a cold growing season, a long one, and something in the ground that drains.",,pinot-noir|burgundy|david-lett|the-dijon-numbers|abel-clone,s:wp-oregon-wine|s:wp-the-eyrie-vineyards|s:wp-russian-river-valley-ava|s:wp-central-otago-wine-region|s:wp-santa-maria-valley-ava|s:wp-pinot-noir,cited,high,False,2026-09-16,https://nanobotco.github.io/pinot-noir/story/how-pinot-travelled/
the-dijon-numbers,story,The numbers on the vine,,burgundy|oregon|world,,,,,"{""kind"": ""essay""}","A grower ordering pinot noir today picks numbers out of a catalogue: 115, 667, 777, or Pommard, or Wädenswil. Each one is a single mother vine, tested clean of virus and copied. That is a twentieth-century invention, and it changed what a vineyard can be.",,dijon-115|massale-selection|fps|raymond-bernard|pinot-noir,s:wp-pinot-noir|s:fps-grapes|s:haeger-north-american,cited,medium,False,2026-09-16,https://nanobotco.github.io/pinot-noir/story/the-dijon-numbers/
the-sideways-effect,story,"One film, measured",,santa-barbara|california,,,,,"{""kind"": ""essay""}","In October 2004 a comedy about two men on a road trip through Santa Barbara County put a speech about pinot noir into cinemas, and the American wine trade could see it in the sales figures within months.",,sta-rita-hills|pinot-noir|santa-maria-valley,s:wp-sideways|s:wp-sta-rita-hills-ava,cited,high,False,2026-09-16,https://nanobotco.github.io/pinot-noir/story/the-sideways-effect/
thin-skin,story,What thin skin costs,,world,,,,,"{""kind"": ""essay""}","Every difficulty pinot noir hands a grower comes from the same anatomy that makes the wine worth the trouble: a small, tight, pinecone-shaped bunch of thin-skinned berries that ripens early.",,pinot-noir|green-harvest|whole-cluster,s:wp-pinot-noir|s:oxford-companion-wine-4,cited,high,False,2026-09-16,https://nanobotco.github.io/pinot-noir/story/thin-skin/
tri-tip-over-red-oak,story,Tri-tip over red oak,,santa-maria-valley|santa-barbara|california,,,34.95,-120.3,"{""kind"": ""essay"", ""country"": ""United States""}","One California valley cooks beef over local oak, grows pinot noir on the hills that oak comes off, and rarely puts the two together in the same sentence. This page follows both — the ranch barbecue that became a town's dish, the butcher's cut five different people claim, the wood that is the part nobody can ship, and what happens when a thin-skinned grape meets a salted, charred, medium-rare piece of bottom sirloin.",,santa-maria-tri-tip|red-oak|pinquito-beans|santa-maria-salsa|santa-maria-valley|bien-nacido|bob-schutz|santa-maria-bbq-association|pinot-noir,s:wp-santa-maria-style-barbecue|s:wp-tri-tip|s:wp-santa-maria-valley-ava|s:wp-bien-nacido-vineyard|s:wp-quercus-agrifolia|s:web-smv-bbq-association|s:wp-santa-maria-california|s:wp-rancho-tepusquet|s:wp-cut-of-beef|s:usda-imps-100|s:ecfr-27-9|s:web-smv-visit-bbq|s:sunset-2013-true|s:wp-salsa-sauce,cited,high,False,2026-09-16,https://nanobotco.github.io/pinot-noir/story/tri-tip-over-red-oak/
